{
	"Oklahoma City": [35.481918,-97.508469],
	"Montgomery": [39.086563, -77.151459],
	"Saint Paul": [44.954445, -93.091301],
	"Trenton": [40.217052, -74.742935],
	"Salt Lake City": [40.758701, -111.876183],
	"Columbus": [33.495674, -88.427261],
	"Austin": [30.266926, -97.750519],
	"Phoenix": [33.448376, -112.074036],
	"Hartford": [41.763710, -72.685097],
	"Baton Rouge": [30.471165, -91.147385],
	"Salem": [42.519539, -70.896713],
	"Little Rock": [34.746483, -92.289597],
	"Richmond": [37.935757, -122.347748],
	"Jackson": [42.245777, -84.405968],
	"Des Moines": [41.619549, -93.598022],
	"Lansing": [42.732536, -84.555534],
	"Denver": [39.742043, -104.991531],
	"Boise": [43.618881, -116.215019],
	"Raleigh": [35.787743, -78.644257],
	"Atlanta": [33.753746, -84.386330],
	"Madison": [37.328102, -87.498886],
	"Indianapolis": [39.832081, -86.145454],
	"Nashville": [36.174465, -86.767960],
	"Columbia": [39.203712, -76.861046],
	"Providence": [41.822616, -71.424099],
	"Boston": [42.361145, -71.057083],
	"Tallahassee": [30.443092, -84.280211],
	"Sacramento": [38.574879, -121.462833],
	"Albany": [37.890407, -122.300931],
	"Harrisburg": [40.268126, -76.885747]
}